transaction_id,card_id,transaction_timestamp,amount,merchant_id,channel,currency,client_id,merchant_category,transaction_type,location,transaction_outcome,fraud_label,fraud_label_source,fraud_confirmed_at
txn_001,1,2026-08-01T14:21:13-04:00,10.25,merchant_001,POS,CAD,101,grocery,purchase,store_001,approved,No,synthetic_test_rule,2026-08-02T09:00:00-04:00
txn_002,2,2026-08-01T15:10:00-04:00,42.00,merchant_002,in_store,CAD,102,retail,purchase,store_002,approved,No,synthetic_test_rule,2026-08-02T09:05:00-04:00
txn_003,1,2026-08-02T10:05:45-04:00,8.50,merchant_003,online,USD,101,digital,purchase,web_store,approved,,,
txn_004,2,2026-08-02T11:30:00-04:00,-5.00,merchant_002,in-store,CAD,102,retail,refund,store_002,reversed,No,synthetic_test_rule,2026-08-03T08:00:00-04:00
txn_005,1,2026-08-03T09:15:00-04:00,75.10,merchant_004,mobile,EUR,101,services,purchase,mobile_app,approved,,,
txn_006,2,2026-08-03T13:45:20-04:00,120.00,merchant_005,point_of_sale,CAD,102,electronics,purchase,store_005,declined,Yes,synthetic_manual_review,2026-08-05T12:00:00-04:00
txn_007,1,2026-08-04T08:20:00-04:00,20,merchant_001,in_store,CAD,101,grocery,purchase,store_001,approved,No,synthetic_test_rule,2026-08-05T08:00:00-04:00
txn_008,2,2026-08-04T16:00:00-04:00,60.75,merchant_006,atm,CAD,102,cash,withdrawal,atm_001,approved,,,
txn_009,1,2026-08-05T12:10:10-04:00,15.99,merchant_007,other,USD,101,other,purchase,kiosk_001,approved,,,
txn_010,2,2026-08-05T18:40:00-04:00,33.33,merchant_003,ecommerce,USD,102,digital,purchase,web_store,approved,No,synthetic_test_rule,2026-08-06T10:00:00-04:00
